{
	"class_name" : "PinholeCameraParameters",
	"extrinsic" : 
	[
		-0.057789518294393619,
		-0.9601870848706664,
		-0.27331508122105841,
		0.0,
		0.99532764288352926,
		-0.076626722733596234,
		0.058747158867697664,
		0.0,
		-0.077351502165244918,
		-0.2686430855441479,
		0.96012896930678016,
		0.0,
		0.015881304347572012,
		0.046771470992190478,
		6.1175336368018218,
		1.0
	],
	"intrinsic" : 
	{
		"height" : 720,
		"intrinsic_matrix" : 
		[
			623.53829072479584,
			0.0,
			0.0,
			0.0,
			623.53829072479584,
			0.0,
			639.5,
			359.5,
			1.0
		],
		"width" : 1280
	},
	"version_major" : 1,
	"version_minor" : 0
}