{
	"class_name" : "PinholeCameraParameters",
	"extrinsic" : 
	[
		-0.039138245981823576,
		-0.99820158349220156,
		0.045407008436227671,
		0.0,
		0.99763107912319393,
		-0.041607825332952611,
		-0.054781555641969237,
		0.0,
		0.056572322463886306,
		0.043155388826007432,
		0.99746538022445586,
		0.0,
		0.0019825491320415445,
		-0.001946589882810823,
		6.9166014482496188,
		1.0
	],
	"intrinsic" : 
	{
		"height" : 1045,
		"intrinsic_matrix" : 
		[
			904.99654695473839,
			0.0,
			0.0,
			0.0,
			904.99654695473839,
			0.0,
			995.5,
			522.0,
			1.0
		],
		"width" : 1992
	},
	"version_major" : 1,
	"version_minor" : 0
}